Job ID,Title,Company,Experience,Location,Link
250225501134,Software Developer 1,N/A,0-2 Yrs,"Mumbai, Kolkata, New Delhi, Hyderabad, Pune, Chennai, Bengaluru",https://www.naukri.com/job-listings-software-developer-1-oracle-india-pvt-ltd-kolkata-mumbai-new-delhi-hyderabad-pune-chennai-bengaluru-0-to-2-years-250225501134
140225013751,Software Developer,N/A,0-1 Yrs,Mumbai(Dadar),https://www.naukri.com/job-listings-software-developer-stylize-life-mumbai-0-to-1-years-140225013751
120225011024,Software Developer,N/A,0-1 Yrs,"Mumbai(Borivali West), Mumbai Suburban, Mumbai (All Areas)",https://www.naukri.com/job-listings-software-developer-saffiretech-mumbai-mumbai-suburban-mumbai-all-areas-0-to-1-years-120225011024
140225914433,Software Developer Internship,N/A,0-1 Yrs,Mumbai,https://www.naukri.com/job-listings-software-developer-internship-skillmine-technology-consulting-pvt-ltd-mumbai-0-to-1-years-140225914433
111224502793,Software Developer - Node.js & MongoDB,N/A,0-2 Yrs,Mumbai,https://www.naukri.com/job-listings-software-developer-node-js-mongodb-big-rattle-technologies-mumbai-0-to-2-years-111224502793
111224502786,Software Developer Front End,N/A,0-2 Yrs,Mumbai,https://www.naukri.com/job-listings-software-developer-front-end-big-rattle-technologies-mumbai-0-to-2-years-111224502786
170924504864,Junior Software Developer,N/A,0-3 Yrs,Mumbai,https://www.naukri.com/job-listings-junior-software-developer-decisions-mumbai-0-to-3-years-170924504864
031224506151,Jr. Software Developer,N/A,0-2 Yrs,"Mumbai, Kolkata, New Delhi, Hyderabad, Pune, Chennai, Bengaluru",https://www.naukri.com/job-listings-jr-software-developer-gyrus-systems-kolkata-mumbai-new-delhi-hyderabad-pune-chennai-bengaluru-0-to-2-years-031224506151
170225005330,Software Developer,N/A,0-1 Yrs,Mumbai,https://www.naukri.com/job-listings-software-developer-idz-digital-mumbai-0-to-1-years-170225005330
130519500007,Software Developers,N/A,0-1 Yrs,"Mumbai, Kolkata, New Delhi, Hyderabad/Secunderabad, Pune, Chennai, Bangalore/Bengaluru",https://www.naukri.com/job-listings-software-developers-oxygen-homes-kolkata-mumbai-new-delhi-hyderabad-secunderabad-pune-chennai-bangalore-bengaluru-0-to-1-years-130519500007
270624500305,Software Developer,N/A,0-2 Yrs,Mumbai,https://www.naukri.com/job-listings-software-developer-nido-machineries-pvt-ltd-mumbai-0-to-2-years-270624500305
030125504696,Software Developer 5,N/A,0-8 Yrs,"Mumbai, Kolkata, New Delhi, Hyderabad, Pune, Chennai, Bengaluru",https://www.naukri.com/job-listings-software-developer-5-oracle-india-pvt-ltd-kolkata-mumbai-new-delhi-hyderabad-pune-chennai-bengaluru-0-to-8-years-030125504696
210225011861,"Software Engineer, developer / Programmer, 2024 graduate Can also appl",N/A,0-5 Yrs,"Mumbai (All Areas), Kolkata, Pune",https://www.naukri.com/job-listings-software-engineer-developer-programmer-2024-graduate-can-also-appl-creative-hands-hr-kolkata-pune-mumbai-all-areas-0-to-5-years-210225011861
140324501427,Jr Software Developer,N/A,0-3 Yrs,Mumbai,https://www.naukri.com/job-listings-jr-software-developer-invest4edu-mumbai-0-to-3-years-140324501427
250225919778,Software Developer,N/A,0-1 Yrs,Mumbai,https://www.naukri.com/job-listings-software-developer-arvasit-technolabs-private-limited-mumbai-0-to-1-years-250225919778
181023501868,Trainee Software Developer,N/A,0-3 Yrs,Mumbai,https://www.naukri.com/job-listings-trainee-software-developer-oliveqsol-mumbai-0-to-3-years-181023501868
301122500826,Software Developer,N/A,0-3 Yrs,Mumbai,https://www.naukri.com/job-listings-software-developer-nevonprojects-mumbai-0-to-3-years-301122500826
170125502592,Software Developers ( VB & MSSQL ),N/A,0-2 Yrs,"Mumbai, Kolkata, New Delhi, Hyderabad, Pune, Chennai, Bengaluru",https://www.naukri.com/job-listings-software-developers-vb-mssql-syscon-solutions-private-limited-kolkata-mumbai-new-delhi-hyderabad-pune-chennai-bengaluru-0-to-2-years-170125502592
280919500134,Software Developers,N/A,0-6 Yrs,Mumbai,https://www.naukri.com/job-listings-software-developers-gateway-7-productions-technologies-mumbai-0-to-6-years-280919500134
191222501739,Software Developer,N/A,0-10 Yrs,"Mumbai, Sagar",https://www.naukri.com/job-listings-software-developer-finarya-tech-private-limited-mumbai-sagar-0-to-10-years-191222501739
